Date,Site,Treatment,Plot #,Purpose,Purpose2,Nitrate,Ammonium,Phosphate,,,Matrix,Notes,Cat-L,Cat-W,An-L,An-W,Cation Area,Anion area
6/9/2017,Xeric,Snowfence,1,over winter,OW,0.011390615,0.016898682,0.0011625,9/9/2016,273,2M KCl,,,,,,,
6/9/2017,Xeric,Snowfence,2,over winter,OW,0.000159868,0.019699569,0.0044591,9/9/2016,273,2M KCl,,,,,,,
6/9/2017,Xeric,Snowfence,3,over winter,OW,0.051157849,0.017365497,0.0000677,9/9/2016,273,2M KCl,,,,,,,
6/9/2017,Xeric,Snowfence,4,over winter,OW,0.000439638,0.018797061,0.0032413,9/9/2016,273,2M KCl,,,,,,,
6/9/2017,Xeric,Snowfence,5,over winter,OW,0.024859517,0.024492197,0.0008242,9/9/2016,273,2M KCl,,,,,,,
6/9/2017,Xeric,Snowfence,6,over winter,OW,0.004836015,0.023651931,0.0017775,9/9/2016,273,2M KCl,,,,,,,
6/9/2017,Xeric,Snowfence,7,over winter,OW,0.021782053,0.021131133,0.0008857,9/9/2016,273,2M KCl,,,,,,,
6/9/2017,Xeric,Snowfence,8,over winter,OW,0.001438815,0.023589689,0,9/9/2016,273,2M KCl,,,,,,,
6/9/2017,Xeric,Control,1,over winter,OW,0.000879276,0.021100012,0.0036812,9/9/2016,273,2M KCl,,,,,,,
6/9/2017,Xeric,Control,2,over winter,OW,0.001838485,0.023029512,0.0017327,9/9/2016,273,2M KCl,,,,,,,
6/9/2017,Xeric,Control,3,over winter,OW,0.037569046,0.018734819,0.0008414,9/9/2016,273,2M KCl,,,,,,,
6/9/2017,Xeric,Control,4,over winter,OW,4.00E-05,0.024025383,0.000548,9/9/2016,273,2M KCl,,,,,,,
6/9/2017,Xeric,Control,5,over winter,OW,0.003876806,0.023122875,0.0001605,9/9/2016,273,2M KCl,,,,,,,
6/9/2017,Xeric,Control,6,over winter,OW,0,0.025612552,0.0029284,9/9/2016,273,2M KCl,,,,,,,
6/9/2017,Xeric,Control,7,over winter,OW,0.001758551,0.030156212,0.0007627,9/9/2016,273,2M KCl,,,,,,,
6/9/2017,Xeric,Control,8,over winter,OW,0.001718584,0.026390576,0.0028662,9/9/2016,273,2M KCl,,,,,,,
6/6/2017,Hydric,Snowfence,1,over winter,OW,0.002038321,0.013537619,0.007384551,9/6/2016,273,2M KCl,,,,,,,
6/6/2017,Hydric,Snowfence,2,over winter,OW,0.0032773,0.02296727,0.000852489,9/6/2016,273,2M KCl,,,,,,,
6/6/2017,Hydric,Snowfence,3,over winter,OW,0.000919243,0.018548093,0.000487137,9/6/2016,273,2M KCl,,,,,,,
6/6/2017,Hydric,Snowfence,4,over winter,OW,0.001598683,0.023745294,0.001544445,9/6/2016,273,2M KCl,,,,,,,
6/6/2017,Hydric,Snowfence,5,over winter,OW,0.001558716,0.013288651,0.002751216,9/6/2016,273,2M KCl,,,,,,,
6/6/2017,Hydric,Snowfence,6,over winter,OW,0.001159045,0.021535706,0.001195699,9/6/2016,273,2M KCl,,,,,,,
6/6/2017,Hydric,Snowfence,7,over winter,OW,0.000559539,0.02555031,0.000680884,9/6/2016,273,2M KCl,,,,,,,
6/6/2017,Hydric,Snowfence,8,over winter,OW,0.000799341,0.018859303,0.00214783,9/6/2016,273,2M KCl,,,,,,,
6/6/2017,Hydric,Control,1,over winter,OW,0.001039144,0.02489677,0.000669813,9/6/2016,273,2M KCl,,,,,,,
6/6/2017,Hydric,Control,2,over winter,OW,0.001838485,0.018205763,0,9/6/2016,273,2M KCl,,,,,,,
6/6/2017,Hydric,Control,3,over winter,OW,0.000559539,0.024710044,0.000824811,9/6/2016,273,2M KCl,,,,,,,
6/6/2017,Hydric,Control,4,over winter,OW,0.000359704,0.024803407,0.000891239,9/6/2016,273,2M KCl,,,,,,,
6/6/2017,Hydric,Control,5,over winter,OW,0.008912657,0.022344851,0.000691956,9/6/2016,273,2M KCl,,,,,,,
6/6/2017,Hydric,Control,6,over winter,OW,0.002437991,0.016120658,0.002341578,9/6/2016,273,2M KCl,,,,,,,
6/6/2017,Hydric,Control,7,over winter,OW,0.000599506,0.019979658,0.003066748,9/6/2016,273,2M KCl,,,,,,,
6/6/2017,Hydric,Control,8,over winter,OW,0.000479605,0.020602077,0.000608921,9/6/2016,273,2M KCl,,,,,,,
6/11/2017,Mesic,Snowfence,1,over winter,OW,0.000559539,0.022936149,0.019936062,9/11/2016,273,2M KCl,,,,,,,
6/11/2017,Mesic,Snowfence,2,over winter,OW,0.000519572,0.020913287,0.00406314,9/11/2016,273,2M KCl,,,,,,,
6/11/2017,Mesic,Snowfence,3,over winter,OW,0.000399671,0.023496326,0.001118389,9/11/2016,273,2M KCl,,,,,,,
6/11/2017,Mesic,Snowfence,4,over winter,OW,0.000359704,0.021753553,0.020526038,9/11/2016,273,2M KCl,,,,,,,
6/11/2017,Mesic,Snowfence,5,over winter,OW,0.000119901,0.033143825,0.003970796,9/11/2016,273,2M KCl,,,,,,,
6/11/2017,Mesic,Snowfence,6,over winter,OW,0.000359704,0.020726561,0.007720992,9/11/2016,273,2M KCl,,,,,,,
6/11/2017,Mesic,Snowfence,7,over winter,OW,0.020583041,0.018952666,0.005561166,9/11/2016,273,2M KCl,,,,,,,
6/11/2017,Mesic,Snowfence,8,over winter,OW,0.000359704,0.023465205,0.009075372,9/11/2016,273,2M KCl,,,,,,,
6/11/2017,Mesic,Control,1,over winter,OW,0.000999177,0.023153996,0.005237962,9/11/2016,273,2M KCl,,,,,,,
6/11/2017,Mesic,Control,2,over winter,OW,0.001039144,0.018921545,0.015123909,9/11/2016,273,2M KCl,,,,,,,
6/11/2017,Mesic,Control,3,over winter,OW,0.002957563,0.026172729,0.013287288,9/11/2016,273,2M KCl,,,,,,,
6/11/2017,Mesic,Control,4,over winter,OW,0.000839308,0.024959012,0.007880029,9/11/2016,273,2M KCl,,,,,,,
6/11/2017,Mesic,Control,5,over winter,OW,0.000199835,0.024678923,0.014113254,9/11/2016,273,2M KCl,,,,,,,
6/11/2017,Mesic,Control,6,over winter,OW,0.000399671,0.025519189,0.013595102,9/11/2016,273,2M KCl,,,,,,,
6/11/2017,Mesic,Control,7,over winter,OW,0.001199012,0.037967574,0.009993682,9/11/2016,273,2M KCl,,,,,,,
6/11/2017,Mesic,Control,8,over winter,OW,0.000479605,0.022375972,0.002046961,9/11/2016,273,2M KCl,,,,,,,
5/31/2018,Mesic,fertilizedilized,1,over winter,OW-GS,0.000700151,0.009881372,0.002300848,,348,2M KCl,,2,5.4,1.7,6,10.8,10.2
5/31/2018,Mesic,fertilizedilized,2,over winter,OW-GS,0.000613038,0.010226405,0.002315077,,348,2M KCl,,2,5.5,1.8,6,11,10.8
5/31/2018,Mesic,fertilizedilized,3,over winter,OW-GS,0.000812103,0.01342179,0.003543654,,348,2M KCl,,2.3,5.4,2,6,12.42,12
5/31/2018,Mesic,fertilizedilized,4,over winter,OW-GS,0.006967964,,0,,348,2M KCl,,2.2,5.8,2,6,12.76,12
5/31/2018,Mesic,fertilizedilized,5,over winter,OW-GS,0.002527128,0.010258052,0.00285349,,348,2M KCl,,2.1,5.7,1.8,6.1,11.97,10.98
5/31/2018,Mesic,Ancillary,1,over winter,OW-GS,2.19E-05,0.004451956,0.002282018,,348,2M KCl,,2.2,5.5,1.7,6,12.1,10.2
5/31/2018,Mesic,Ancillary,2,over winter,OW-GS,2.76E-05,0.007038347,2.79E-05,,348,2M KCl,,2,5.7,1.8,6,11.4,10.8
5/31/2018,Mesic,Ancillary,3,over winter,OW-GS,8.27E-05,0.005864236,0.004199214,,348,2M KCl,,2,5.5,1.8,6,11,10.8
5/31/2018,Mesic,Ancillary,4,over winter,OW-GS,0,0.006494229,0.001503324,,348,2M KCl,,2.1,5.9,1.8,6,12.39,10.8
5/31/2018,Mesic,Ancillary,5,over winter,OW-GS,0.000278967,0.005268234,0.000553047,,348,2M KCl,,2,5.8,2,6,11.6,12
5/31/2018,Mesic,Ancillary,6,over winter,OW-GS,0.000108893,0.0078623,0.006502444,,348,2M KCl,,2,5.7,2.2,5.9,11.4,12.98
5/31/2018,Mesic,Ancillary,7,over winter,OW-GS,0,0.006362399,0.002496535,,348,2M KCl,,2.2,5.7,1.7,6,12.54,10.2
5/31/2018,Mesic,Ancillary,8,over winter,OW-GS,0.000528568,0.005220275,0.002458185,,348,2M KCl,,2.2,5.4,1.9,6,11.88,11.4
5/31/2018,Mesic,Snowfence,1,over winter,OW-GS,8.04E-05,0.006526746,0.006914583,,354,2M KCl,,2,6,2,5,12,10
5/31/2018,Mesic,Snowfence,2,over winter,OW-GS,1.46E-05,0.005174873,0.000548328,,354,2M KCl,,2.2,6,2,5,13.2,10
5/31/2018,Mesic,Snowfence,3,over winter,OW-GS,0,0.003507508,0.005758313,,354,2M KCl,,2.4,6,1.8,6,14.4,10.8
5/31/2018,Mesic,Snowfence,4,over winter,OW-GS,0,0.004393622,0.002581289,,354,2M KCl,,2.3,6,1.8,6,13.8,10.8
5/31/2018,Mesic,Snowfence,5,over winter,OW-GS,0.00012385,0.00421752,0.00143684,,354,2M KCl,,2.4,6.1,2,6.2,14.64,12.4
5/31/2018,Mesic,Snowfence,6,over winter,OW-GS,0.000203139,0.00515675,0.000128652,,354,2M KCl,,2.3,5.9,1.8,6,13.57,10.8
5/31/2018,Mesic,Snowfence,7,over winter,OW-GS,0.000587909,0.006198755,0.00028928,,354,2M KCl,,2.2,6.2,1.7,6,13.64,10.2
5/31/2018,Mesic,Snowfence,8,over winter,OW-GS,0.000652078,0.006085112,0.003741257,,354,2M KCl,,2.2,6,2,6,13.2,12
5/31/2018,Mesic,Control,1,over winter,OW-GS,0.00055579,0.005394005,0.006831978,,354,2M KCl,,2.2,5.7,2.5,5,12.54,12.5
5/31/2018,Mesic,Control,2,over winter,OW-GS,6.77E-06,0.004893447,0.009028496,,354,2M KCl,,2.3,6,1.8,6,13.8,10.8
5/31/2018,Mesic,Control,3,over winter,OW-GS,0,0.00595869,0.008100549,,354,2M KCl,,2.2,6,1.9,5.8,13.2,11.02
5/31/2018,Mesic,Control,4,over winter,OW-GS,5.77E-05,0.003982476,0.009285223,,354,2M KCl,,2.3,6,1.9,6,13.8,11.4
5/31/2018,Mesic,Control,5,over winter,OW-GS,0,0,0,,354,2M KCl,,2.1,6,1.6,6.5,12.6,10.4
5/31/2018,Mesic,Control,6,over winter,OW-GS,,,,,354,2M KCl,Both Missing,,,,,0,0
5/31/2018,Mesic,Control,7,over winter,OW-GS,0,0.0060217,0.000600074,,354,2M KCl,,2,6.3,1.9,6,12.6,11.4
5/31/2018,Mesic,Control,8,over winter,OW-GS,0.000423008,0.006631973,0.00660357,,354,2M KCl,,2.2,6.1,1.7,6,13.42,10.2
6/1/2018,Hydric,fertilizedilized,1,over winter,OW-GS,0.000947284,0.006240847,0.000957703,,350,2M KCl,,2.2,5.9,1.9,6,12.98,11.4
6/1/2018,Hydric,fertilizedilized,2,over winter,OW-GS,0.000184915,0.010433932,0.007487675,,350,2M KCl,,2.3,5.8,2,6,13.34,12
6/1/2018,Hydric,fertilizedilized,3,over winter,OW-GS,0.00036983,0.047237829,0.008963691,,350,2M KCl,,1.8,6,2.1,6,10.8,12.6
6/1/2018,Hydric,fertilizedilized,4,over winter,OW-GS,0,0.006075878,0.004441471,,350,2M KCl,,2.2,6,2.2,5.5,13.2,12.1
6/1/2018,Hydric,fertilizedilized,5,over winter,OW-GS,0.000452143,0.00775533,0.00136049,,350,2M KCl,,1.8,5.8,2.2,5.8,10.44,12.76
6/1/2018,Hydric,Ancillary,1,over winter,OW-GS,,,,,350,2M KCl,Both Missing,,,,,0,0
6/1/2018,Hydric,Ancillary,2,over winter,OW-GS,0.000757848,0.005158764,0,,350,2M KCl,,2.2,5.8,2,6.1,12.76,12.2
6/1/2018,Hydric,Ancillary,3,over winter,OW-GS,0,0.006327369,0,,350,2M KCl,,2.3,6,1.9,6,13.8,11.4
6/1/2018,Hydric,Ancillary,4,over winter,OW-GS,0,0.009400415,0.000404393,,350,2M KCl,,2.2,5.8,1.8,6.1,12.76,10.98
6/1/2018,Hydric,Ancillary,5,over winter,OW-GS,0.006643241,0.007373653,0,,350,2M KCl,,2.2,6,1.8,6,13.2,10.8
6/1/2018,Hydric,Ancillary,6,over winter,OW-GS,0.000273948,0.007150905,0.000980915,,350,2M KCl,,2.3,6,1.8,6,13.8,10.8
6/1/2018,Hydric,Ancillary,7,over winter,OW-GS,0,0.004637303,0.000274706,,350,2M KCl,,2.2,6,1.8,6,13.2,10.8
6/1/2018,Hydric,Ancillary,8,over winter,OW-GS,0.000172587,0.007952882,0.000377242,,350,2M KCl,,2,5.9,2,6,11.8,12
6/1/2018,Hydric,Snowfence,1,over winter,OW-GS,2.44E-05,0.006015115,0,,354,2M KCl,,2,5.9,2,6,11.8,12
6/1/2018,Hydric,Snowfence,2,over winter,OW-GS,0.000542382,0.004518032,0,,354,2M KCl,,2.2,6.1,2,6,13.42,12
6/1/2018,Hydric,Snowfence,3,over winter,OW-GS,6.09E-05,0.007008835,0.000446836,,354,2M KCl,,2,6,2.2,6,12,13.2
6/1/2018,Hydric,Snowfence,4,over winter,OW-GS,0.000144737,0.006944781,0,,354,2M KCl,,2.2,6,1.6,6,13.2,9.6
6/1/2018,Hydric,Snowfence,5,over winter,OW-GS,8.98E-05,0.007708129,7.01E-05,,354,2M KCl,,2.1,6,1.9,6,12.6,11.4
6/1/2018,Hydric,Snowfence,6,over winter,OW-GS,7.70E-05,0.007840571,0,,354,2M KCl,,2.1,6,1.9,6,12.6,11.4
6/1/2018,Hydric,Snowfence,7,over winter,OW-GS,0.00015212,0.005417457,7.05E-05,,354,2M KCl,,2.3,6,2.2,5.9,13.8,12.98
6/1/2018,Hydric,Snowfence,8,over winter,OW-GS,6.89E-06,0.006121599,0.00025772,,354,2M KCl,,2.3,6.1,1.8,5.9,14.03,10.62
6/1/2018,Hydric,Control,1,over winter,OW-GS,0.000258809,0.006219962,6.56E-05,,354,2M KCl,,2.2,6,1.9,5.8,13.2,11.02
6/1/2018,Hydric,Control,2,over winter,OW-GS,0.000725208,0.006410197,0,,354,2M KCl,,2.1,6,2,6,12.6,12
6/1/2018,Hydric,Control,3,over winter,OW-GS,0,0.005755228,0,,354,2M KCl,,2.3,5.9,1.9,5.9,13.57,11.21
6/1/2018,Hydric,Control,4,over winter,OW-GS,0.000115789,0.00711214,6.82E-05,,354,2M KCl,,2,5.6,2,6,11.2,12
6/1/2018,Hydric,Control,5,over winter,OW-GS,5.48E-05,0.005852716,0.00030482,,354,2M KCl,,2.2,6.1,2,6,13.42,12
6/1/2018,Hydric,Control,6,over winter,OW-GS,0,0.004820892,4.63E-05,,354,2M KCl,,2.2,6,1.9,5.6,13.2,10.64
6/1/2018,Hydric,Control,7,over winter,OW-GS,0.000163091,0.006074677,0,,354,2M KCl,,2.1,6,1.9,5.9,12.6,11.21
6/1/2018,Hydric,Control,8,over winter,OW-GS,0.000216067,0.005880428,0,,354,2M KCl,,2.1,6,2.2,6,12.6,13.2
6/2/2018,Xeric,fertilizedilized,1,over winter,OW-GS,0.000676312,0.006001065,0.010584465,,350,2M KCl,,2.2,5.8,1.8,5.8,12.76,10.44
6/2/2018,Xeric,fertilizedilized,2,over winter,OW-GS,0.000218597,0.005377266,0.009540092,,350,2M KCl,,2.2,6,1.9,6,13.2,11.4
6/2/2018,Xeric,fertilizedilized,3,over winter,OW-GS,9.31E-05,0.00718183,0.01003084,,350,2M KCl,,2.1,6,1.7,6.3,12.6,10.71
6/2/2018,Xeric,fertilizedilized,4,over winter,OW-GS,0.000130754,0.006517823,0.009018324,,350,2M KCl,,2.3,6.2,1.8,6,14.26,10.8
6/2/2018,Xeric,fertilizedilized,5,over winter,OW-GS,0,0.00620704,0.00717141,,350,2M KCl,,2.3,6,2,6,13.8,12
6/2/2018,Xeric,Ancillary,1,over winter,OW-GS,0.000874317,0.005828963,0,,350,2M KCl,,2.1,5.8,1.9,6.1,12.18,11.59
6/2/2018,Xeric,Ancillary,2,over winter,OW-GS,0.003594683,0.006772532,0,,350,2M KCl,,2.4,5.5,1.6,5.8,13.2,9.28
6/2/2018,Xeric,Ancillary,3,over winter,OW-GS,0.000184915,0.005251064,5.43E-05,,350,2M KCl,,2.2,5.8,1.8,6,12.76,10.8
6/2/2018,Xeric,Ancillary,4,over winter,OW-GS,0.01192359,0.005529137,0,,350,2M KCl,,2.3,5.8,1.8,6,13.34,10.8
6/2/2018,Xeric,Ancillary,5,over winter,OW-GS,0.001291469,0.00639334,0.000377396,,350,2M KCl,,2.3,5.5,1.8,6.3,12.65,11.34
6/2/2018,Xeric,Ancillary,6,over winter,OW-GS,0.00321889,0.006498599,0.000140207,,350,2M KCl,,2.3,6,1.8,6,13.8,10.8
6/2/2018,Xeric,Ancillary,7,over winter,OW-GS,0.000605936,0.006589403,0,,350,2M KCl,,2.3,5.8,1.8,5.9,13.34,10.62
6/2/2018,Xeric,Ancillary,8,over winter,OW-GS,0,0.005893143,0.001052774,,350,2M KCl,,2.3,6,1.7,6,13.8,10.2
6/2/2018,Xeric,Snowfence,1,over winter,OW-GS,0.001531336,0.005994521,0,,358,2M KCl,,2.1,6.4,2.1,5.8,13.44,12.18
6/2/2018,Xeric,Snowfence,2,over winter,OW-GS,1.42E-05,0.006861174,0.000483733,,358,2M KCl,,2.2,6.3,2.15,5.4,13.86,11.61
6/2/2018,Xeric,Snowfence,3,over winter,OW-GS,0.027521518,0.00802144,0,,358,2M KCl,,2.4,6.4,2,5.5,15.36,11
6/2/2018,Xeric,Snowfence,4,over winter,OW-GS,0.000949996,0.005975452,0.006581876,,358,2M KCl,,2.2,6.2,2,5.9,13.64,11.8
6/2/2018,Xeric,Snowfence,5,over winter,OW-GS,0.004161548,0.006644153,0,,358,2M KCl,,2.2,6.2,2,5.5,13.64,11
6/2/2018,Xeric,Snowfence,6,over winter,OW-GS,0.005397526,0.006303651,0,,358,2M KCl,,2.2,6.1,2,5.8,13.42,11.6
6/2/2018,Xeric,Snowfence,7,over winter,OW-GS,0.00043955,0.005580132,0,,358,2M KCl,Anion missing,2.3,6.2,,,14.26,0
6/2/2018,Xeric,Snowfence,8,over winter,OW-GS,0,0.006084565,0.000629089,,358,2M KCl,,2.2,6.2,2,5.1,13.64,10.2
6/2/2018,Xeric,Control,1,over winter,OW-GS,0,0.006333812,0.001403959,,358,2M KCl,,2.1,6.2,2,6,13.02,12
6/2/2018,Xeric,Control,2,over winter,OW-GS,0.000401739,0.007089425,6.44E-05,,358,2M KCl,,2.2,6.3,2.2,5.4,13.86,11.88
6/2/2018,Xeric,Control,3,over winter,OW-GS,0.007195489,0.006230135,0.002524335,,358,2M KCl,,2.2,6.2,2.1,6.1,13.64,12.81
6/2/2018,Xeric,Control,4,over winter,OW-GS,0.000313445,0.005954269,0,,358,2M KCl,,2.1,6.3,1.9,6,13.23,11.4
6/2/2018,Xeric,Control,5,over winter,OW-GS,0,0.005907038,2.23E-05,,358,2M KCl,,2.3,6.2,2.1,5.9,14.26,12.39
6/2/2018,Xeric,Control,6,over winter,OW-GS,9.67E-05,0.005557317,0,,358,2M KCl,,2,6.2,2.1,6,12.4,12.6
6/2/2018,Xeric,Control,7,over winter,OW-GS,0.000168022,0.006547561,0.000299041,,358,2M KCl,,2.1,6.1,2,5.8,12.81,11.6
6/2/2018,Xeric,Control,8,over winter,OW-GS,0.000955421,0.006487805,0,,358,2M KCl,,2.1,6.2,2,5.1,13.02,10.2
8/16/2018,Mesic,Snowfence,1,Growing season,GS,0.000858298,0.011542261,0.026243532,,77,2M KCl,,2,5.1,1.7,6,10.2,10.2
8/16/2018,Mesic,Snowfence,2,Growing season,GS,0.000531266,0.014748445,0.0032237,,77,2M KCl,,2.1,5.1,2.1,5.8,10.71,12.18
8/16/2018,Mesic,Snowfence,3,Growing season,GS,0.00081565,0.014161675,0.002452766,,77,2M KCl,,1.9,5.05,2.1,6,9.595,12.6
8/16/2018,Mesic,Snowfence,4,Growing season,GS,,,,,77,2M KCl,,,,,,0,0
8/16/2018,Mesic,Snowfence,5,Growing season,GS,3.81E-05,0.012048501,0.037341097,,77,2M KCl,,1.9,5.1,2,5,9.69,10
8/16/2018,Mesic,Snowfence,6,Growing season,GS,0,0.015305038,0.005899774,,77,2M KCl,,2,5,2.15,6.1,10,13.115
8/16/2018,Mesic,Snowfence,7,Growing season,GS,0,0.010965148,0.022170047,,77,2M KCl,,2,5.1,1.7,6.3,10.2,10.71
8/16/2018,Mesic,Snowfence,8,Growing season,GS,0.000729554,0.016910755,0.008865748,,77,2M KCl,,2.15,5.1,2,6,10.965,12
8/16/2018,Mesic,Control,1,Growing season,GS,0,0.014761804,0.012164592,,77,2M KCl,,2,5.4,2,6,10.8,12
8/16/2018,Mesic,Control,2,Growing season,GS,,,,,77,2M KCl,,,,,,0,0
8/16/2018,Mesic,Control,3,Growing season,GS,0,0.00874064,0.039566056,,77,2M KCl,,2.2,5,2.1,5.7,11,11.97
8/16/2018,Mesic,Control,4,Growing season,GS,,,,,77,2M KCl,,,,,,0,0
8/16/2018,Mesic,Control,5,Growing season,GS,0,0.015485867,0.010599868,,77,2M KCl,,2,5.1,2.1,6,10.2,12.6
8/16/2018,Mesic,Control,6,Growing season,GS,0,0.034681377,0.011939206,,77,2M KCl,,1.95,5.15,2,6,10.0425,12
8/16/2018,Mesic,Control,7,Growing season,GS,0.001374521,0.01794742,0.009537956,,77,2M KCl,,1.9,5.15,1.8,6,9.785,10.8
8/16/2018,Mesic,Control,8,Growing season,GS,,,,,77,2M KCl,,,,,,0,0
8/16/2018,Mesic,Ancillary,1,Growing season,GS,0.000985776,0.01243285,0.005159764,,77,2M KCl,,1.9,5.15,2.1,5.7,9.785,11.97
8/16/2018,Mesic,Ancillary,2,Growing season,GS,0,0.012050165,0.019490952,,77,2M KCl,,2.2,4.7,1.9,6,10.34,11.4
8/16/2018,Mesic,Ancillary,3,Growing season,GS,,,,,77,2M KCl,,,,,,0,0
8/16/2018,Mesic,Ancillary,4,Growing season,GS,0.000675266,0.013020176,0.003631732,,77,2M KCl,,2.2,5.6,2.1,5.1,12.32,10.71
8/16/2018,Mesic,Ancillary,5,Growing season,GS,0.000447808,0,0.058492117,,77,2M KCl,,2.6,5.9,2,5.1,15.34,10.2
8/16/2018,Mesic,Ancillary,6,Growing season,GS,0.000951592,0.01320701,0.00594695,,77,2M KCl,,2,5.2,1.6,6,10.4,9.6
8/16/2018,Mesic,Ancillary,7,Growing season,GS,0.000253758,0.016178588,0.00688849,,77,2M KCl,,2,5.2,2,6,10.4,12
8/16/2018,Mesic,Ancillary,8,Growing season,GS,0,0.018966458,0.006414581,,77,2M KCl,,1.9,5.2,2,5.6,9.88,11.2
8/16/2018,Mesic,fertilizedilized,1,Growing season,GS,,,,,77,2M KCl,,,,,,0,0
8/16/2018,Mesic,fertilizedilized,2,Growing season,GS,,,,,77,2M KCl,,,,,,0,0
8/16/2018,Mesic,fertilizedilized,3,Growing season,GS,,,,,77,2M KCl,,,,,,0,0
8/16/2018,Mesic,fertilizedilized,4,Growing season,GS,,,,,77,2M KCl,,,,,,0,0
8/16/2018,Mesic,fertilizedilized,5,Growing season,GS,,,,,77,2M KCl,,,,,,0,0
8/17/2018,Xeric,Snowfence,1,Growing season,GS,0,0.029866926,0.003247381,,76,2M KCl,,2,5.3,2.1,5.25,10.6,11.025
8/17/2018,Xeric,Snowfence,2,Growing season,GS,0,0.029273338,0.023393761,,76,2M KCl,,2,5,1.9,5,10,9.5
8/17/2018,Xeric,Snowfence,3,Growing season,GS,0.020039402,0.032018311,0.002999288,,76,2M KCl,,2,5.2,2,5.1,10.4,10.2
8/17/2018,Xeric,Snowfence,4,Growing season,GS,0.000396703,0.028017194,0.003119091,,76,2M KCl,,2,5.1,1.9,5.05,10.2,9.595
8/17/2018,Xeric,Snowfence,5,Growing season,GS,0.019106469,0.027621767,0.002553742,,76,2M KCl,,2,5.2,2,5.1,10.4,10.2
8/17/2018,Xeric,Snowfence,6,Growing season,GS,0.000522443,0.027676115,0.013290324,,76,2M KCl,,2,5.1,2,5.1,10.2,10.2
8/17/2018,Xeric,Snowfence,7,Growing season,GS,7.04E-05,0.023630974,0.004038118,,76,2M KCl,,2,5.3,2.1,5.15,10.6,10.815
8/17/2018,Xeric,Snowfence,8,Growing season,GS,0,0.023017024,0.007348152,,76,2M KCl,,2.1,5.1,2.1,5.1,10.71,10.71
8/17/2018,Xeric,Control,1,Growing season,GS,0.001044885,0.037730178,0.004944479,,76,2M KCl,,2.1,5.2,2,5.1,10.92,10.2
8/17/2018,Xeric,Control,2,Growing season,GS,0.00108181,0.030936782,0.004865436,,76,2M KCl,,1.9,5.2,1.9,5,9.88,9.5
8/17/2018,Xeric,Control,3,Growing season,GS,0.037649032,0.030517584,0.004201901,,76,2M KCl,,1.9,5.1,1.8,5.1,9.69,9.18
8/17/2018,Xeric,Control,4,Growing season,GS,0.000802674,0.035836363,0.003075562,,76,2M KCl,,1.9,5,1.7,5.3,9.5,9.01
8/17/2018,Xeric,Control,5,Growing season,GS,0.005560281,0.024389441,0.003520903,,76,2M KCl,,2.2,5.15,2,5.1,11.33,10.2
8/17/2018,Xeric,Control,6,Growing season,GS,0.003045093,0.027676115,0,,76,2M KCl,,2,5.1,1.8,5,10.2,9
8/17/2018,Xeric,Control,7,Growing season,GS,0.007575779,0.02461109,0.000610996,,76,2M KCl,,2,5.2,2,5.15,10.4,10.3
8/17/2018,Xeric,Control,8,Growing season,GS,0.000435013,0.019733849,0.000216789,,76,2M KCl,,2,5.1,2.1,5,10.2,10.5
8/17/2018,Xeric,Ancillary,1,Growing season,GS,0,0.038613128,0.000714995,,76,2M KCl,,2,5.2,2,5.15,10.4,10.3
8/17/2018,Xeric,Ancillary,2,Growing season,GS,0.000972738,0.026160307,0.000371942,,76,2M KCl,,2.2,5,1.8,5,11,9
8/17/2018,Xeric,Ancillary,3,Growing season,GS,0.000314251,0.025184552,0.001713466,,76,2M KCl,,2,5.2,1.9,5.1,10.4,9.69
8/17/2018,Xeric,Ancillary,4,Growing season,GS,0.003967421,0.037031421,0.001948377,,76,2M KCl,,2,5.1,1.9,5.1,10.2,9.69
8/17/2018,Xeric,Ancillary,5,Growing season,GS,0,0.034018006,0.000782183,,76,2M KCl,,2,5.15,2,5.05,10.3,10.1
8/17/2018,Xeric,Ancillary,6,Growing season,GS,0.013198548,0.02427657,0.003399296,,76,2M KCl,,2,5.2,1.9,5.1,10.4,9.69
8/17/2018,Xeric,Ancillary,7,Growing season,GS,0,0.025216244,0.002484428,,76,2M KCl,,1.9,5,1.8,5.15,9.5,9.27
8/17/2018,Xeric,Ancillary,8,Growing season,GS,0,0.027717344,0.002599982,,76,2M KCl,,1.9,5.2,1.9,5.15,9.88,9.785
8/17/2018,Xeric,fertilizedilized,1,Growing season,GS,,,,,76,2M KCl,,,,,,0,0
8/17/2018,Xeric,fertilizedilized,2,Growing season,GS,,,,,76,2M KCl,,,,,,0,0
8/17/2018,Xeric,fertilizedilized,3,Growing season,GS,,,,,76,2M KCl,,,,,,0,0
8/17/2018,Xeric,fertilizedilized,4,Growing season,GS,0,0.029770831,0.051392987,,76,2M KCl,,2,5.05,2.1,5.15,10.1,10.815
8/17/2018,Xeric,fertilizedilized,5,Growing season,GS,,,,,76,2M KCl,,,,,,0,0
8/18/2018,Hydric,Snowfence,1,Growing season,GS,0.001038275,0.023700657,0.003262557,,78,2M KCl,,2,5.2,2,5.2,10.4,10.4
8/18/2018,Hydric,Snowfence,2,Growing season,GS,0.002785214,0.041883111,0.003496708,,78,2M KCl,,1.9,4.85,1.8,5,9.215,9
8/18/2018,Hydric,Snowfence,3,Growing season,GS,0.002370769,0.022321944,0.002365277,,78,2M KCl,,2.1,5,2,6.1,10.5,12.2
8/18/2018,Hydric,Snowfence,4,Growing season,GS,0,0.019681035,0.003369189,,78,2M KCl,,2.2,5.1,2.2,5.2,11.22,11.44
8/18/2018,Hydric,Snowfence,5,Growing season,GS,0,0.021031948,0.003553658,,78,2M KCl,,2,5.1,1.8,5,10.2,9
8/18/2018,Hydric,Snowfence,6,Growing season,GS,0,0.031574269,0.005320236,,78,2M KCl,,2.1,5.2,2,5,10.92,10
8/18/2018,Hydric,Snowfence,7,Growing season,GS,0,0.036534052,0.004189946,,78,2M KCl,,2.1,5.1,2,5.15,10.71,10.3
8/18/2018,Hydric,Snowfence,8,Growing season,GS,0,0.027536185,0.004150352,,78,2M KCl,,2.1,5.1,1.85,5.1,10.71,9.435
8/18/2018,Hydric,Control,1,Growing season,GS,0,0.032283803,0.003970994,,78,2M KCl,,2.1,6,2,5.15,12.6,10.3
8/18/2018,Hydric,Control,2,Growing season,GS,0.0022685,0.023857183,0.00478377,,78,2M KCl,,2.25,5.9,2,5.1,13.275,10.2
8/18/2018,Hydric,Control,3,Growing season,GS,0,0.034325279,0.005613114,,78,2M KCl,,2,5.1,5.2,1.9,10.2,9.88
8/18/2018,Hydric,Control,4,Growing season,GS,0,0.033021719,0.005205867,,78,2M KCl,,2.1,5,2,5.1,10.5,10.2
8/18/2018,Hydric,Control,5,Growing season,GS,4.80E-19,0.028823317,0.003277889,,78,2M KCl,,2.25,5.1,2.18,5.15,11.475,11.227
8/18/2018,Hydric,Control,6,Growing season,GS,0,0.027644965,0.00171169,,78,2M KCl,,2,5.15,1.85,5.05,10.3,9.3425
8/18/2018,Hydric,Control,7,Growing season,GS,0,0.037753244,0.006561725,,78,2M KCl,,2,5.15,2.1,5.2,10.3,10.92
8/18/2018,Hydric,Control,8,Growing season,GS,,,,,78,2M KCl,,,,,,0,0
8/18/2018,Hydric,Ancillary,1,Growing season,GS,3.74E-05,0.024363243,0.002806567,,78,2M KCl,,2.3,4.9,2,5.15,11.27,10.3
8/18/2018,Hydric,Ancillary,2,Growing season,GS,0.001018685,0.036722826,0.003471779,,78,2M KCl,,2,4.8,2,5.3,9.6,10.6
8/18/2018,Hydric,Ancillary,3,Growing season,GS,0.000670994,0.034036352,0.001480235,,78,2M KCl,,2.1,5,2.1,5.2,10.5,10.92
8/18/2018,Hydric,Ancillary,4,Growing season,GS,0.001079806,0.027607644,0.000277203,,78,2M KCl,,2,4.85,2,5,9.7,10
8/18/2018,Hydric,Ancillary,5,Growing season,GS,0.001747259,0.031466905,0.000675735,,78,2M KCl,,1.9,5.2,2.1,5.15,9.88,10.815
8/18/2018,Hydric,Ancillary,6,Growing season,GS,0,0.037380486,0.003723925,,78,2M KCl,,2.15,5.2,1.9,5.2,11.18,9.88
8/18/2018,Hydric,Ancillary,7,Growing season,GS,0.000396087,0.034916573,0.009505981,,78,2M KCl,,2.2,5.1,2.1,5.1,11.22,10.71
8/18/2018,Hydric,Ancillary,8,Growing season,GS,0.000778706,0.033258408,0.001751557,,78,2M KCl,,2,5.3,2,5.2,10.6,10.4
8/18/2018,Hydric,fertilizedilized,1,Growing season,GS,,,,,78,2M KCl,,,,,,0,0
8/18/2018,Hydric,fertilizedilized,2,Growing season,GS,,,,,78,2M KCl,,,,,,0,0
8/18/2018,Hydric,fertilizedilized,3,Growing season,GS,,,,,78,2M KCl,,,,,,0,0
8/18/2018,Hydric,fertilizedilized,4,Growing season,GS,,,,,78,2M KCl,,,,,,0,0
8/18/2018,Hydric,fertilizedilized,5,Growing season,GS,,,,,78,2M KCl,,,,,,0,0
6/13/2019,Hydric,Snowfence,1,over winter,OW,0,0.000237005,0.00224758,,303,2M KCl,,5.1,2.4,5.1,2,12.24,10.2
6/13/2019,Hydric,Snowfence,2,over winter,OW,0,0.000364526,8.72E-05,,303,2M KCl,,5.1,1.9,5.1,1.9,9.69,9.69
6/13/2019,Hydric,Snowfence,3,over winter,OW,0,0.000314095,0.003859901,,303,2M KCl,,5,2,5.1,2,10,10.2
6/13/2019,Hydric,Snowfence,4,over winter,OW,0,0.000271837,0.00020214,,303,2M KCl,,5.1,2.8,5.1,2.1,14.28,10.71
6/13/2019,Hydric,Snowfence,5,over winter,OW,,,,,303,2M KCl,,,,,,0,0
6/13/2019,Hydric,Snowfence,6,over winter,OW,0,0.000362273,0.00042176,,303,2M KCl,,5.3,2,5.1,2,10.6,10.2
6/13/2019,Hydric,Snowfence,7,over winter,OW,,,,,303,2M KCl,,,,,,0,0
6/13/2019,Hydric,Snowfence,8,over winter,OW,0,0.00038714,0.000336179,,303,2M KCl,,5,2,5,1.9,10,9.5
6/13/2019,Hydric,Control,1,over winter,OW,0,0.000313051,0.000375958,,303,2M KCl,,5,2.5,4.9,1.9,12.5,9.31
6/13/2019,Hydric,Control,2,over winter,OW,0,0.000264171,0.000150072,,303,2M KCl,,5,1.9,5.2,1.8,9.5,9.36
6/13/2019,Hydric,Control,3,over winter,OW,0,0.000254913,0.000251443,,303,2M KCl,,5,2.1,5,1.9,10.5,9.5
6/13/2019,Hydric,Control,4,over winter,OW,0,0.000224353,0.000318285,,303,2M KCl,,5,2.4,5.2,2,12,10.4
6/13/2019,Hydric,Control,5,over winter,OW,0,0.00022089,0.000208226,,303,2M KCl,,4.8,2.8,5.1,1.9,13.44,9.69
6/13/2019,Hydric,Control,6,over winter,OW,0,0.000227086,0.000196126,,303,2M KCl,,5,2.1,5,2,10.5,10
6/13/2019,Hydric,Control,7,over winter,OW,0,0.000377267,0.000739581,,303,2M KCl,,5.2,2,5.2,1.8,10.4,9.36
6/13/2019,Hydric,Control,8,over winter,OW,0,0.000403079,0.000465909,,303,2M KCl,,5.1,2,5.1,2.1,10.2,10.71
6/13/2019,Hydric,Ancillary,1,over winter,OW,0,0.00032453,0.00506909,,303,2M KCl,,5,2,5.1,1.9,10,9.69
6/13/2019,Hydric,Ancillary,2,over winter,OW,0,0.000334965,0.006683102,,303,2M KCl,,5,2,5,2.8,10,14
6/13/2019,Hydric,Ancillary,3,over winter,OW,0,0.000265348,0.007976332,,303,2M KCl,,4.9,2.5,5.1,1.9,12.25,9.69
6/13/2019,Hydric,Ancillary,4,over winter,OW,0,0.000331948,0.001229878,,303,2M KCl,,4.8,2.6,5.1,2,12.48,10.2
6/13/2019,Hydric,Ancillary,5,over winter,OW,0,0.00041024,0.00149207,,303,2M KCl,,5.1,2,5.1,1.9,10.2,9.69
6/13/2019,Hydric,Ancillary,6,over winter,OW,0,5.66E-05,0.000529506,,303,2M KCl,,10.1,2,,,20.2,0
6/13/2019,Hydric,Ancillary,7,over winter,OW,0,0.000314741,0.001410936,,303,2M KCl,,5.2,1.9,5.1,1.9,9.88,9.69
6/13/2019,Hydric,Ancillary,8,over winter,OW,,,,,303,2M KCl,,,,,,0,0
6/13/2019,Hydric,fertilized,1,over winter,OW,0,0.000464881,0.000680319,,303,2M KCl,,5,2,5.1,2.1,10,10.71
6/13/2019,Hydric,fertilized,2,over winter,OW,0,0.0003416,0.00529537,,303,2M KCl,,5.3,2,5,1.9,10.6,9.5
6/13/2019,Hydric,fertilized,3,over winter,OW,0,0.000261373,0.001901396,,303,2M KCl,,5,2.1,5.2,2,10.5,10.4
6/13/2019,Hydric,fertilized,4,over winter,OW,0,0.00032851,0.004610091,,303,2M KCl,,5.1,1.8,5.2,1.8,9.18,9.36
6/13/2019,Hydric,fertilized,5,over winter,OW,0,0.000403079,0.000223538,,303,2M KCl,,5.1,2,5,1.9,10.2,9.5
6/14/2019,Xeric,Snowfence,1,over winter,OW,0,0.000236192,0.000168856,,303,2M KCl,,6,2.1,5.1,1.9,12.6,9.69
6/14/2019,Xeric,Snowfence,2,over winter,OW,0,0.000219443,0.000167307,,303,2M KCl,,6,2.1,5.1,1.9,12.6,9.69
6/14/2019,Xeric,Snowfence,3,over winter,OW,0,0.000252648,0,,303,2M KCl,,6,2.1,5,1.9,12.6,9.5
6/14/2019,Xeric,Snowfence,4,over winter,OW,0,0.000232701,7.33E-05,,303,2M KCl,,5.2,2.1,5,2,10.92,10
6/14/2019,Xeric,Snowfence,5,over winter,OW,0,0.000189321,1.94E-05,,303,2M KCl,,4.8,2.1,5,2.1,10.08,10.5
6/14/2019,Xeric,Snowfence,6,over winter,OW,0,0.000210479,8.18E-05,,303,2M KCl,,5,2.1,5,2,10.5,10
6/14/2019,Xeric,Snowfence,7,over winter,OW,0,0.000231277,1.37E-05,,303,2M KCl,,5,2,5.1,2.1,10,10.71
6/14/2019,Xeric,Snowfence,8,over winter,OW,0,0.000185287,0,,303,2M KCl,,5.2,2.1,5,2,10.92,10
6/14/2019,Xeric,Control,1,over winter,OW,0,0.000135297,9.21E-05,,303,2M KCl,,6,2.2,5.1,2.1,13.2,10.71
6/14/2019,Xeric,Control,2,over winter,OW,0,0.000178688,0.000834483,,303,2M KCl,,5.8,2.5,5.1,2,14.5,10.2
6/14/2019,Xeric,Control,3,over winter,OW,0,0.000166862,9.49E-05,,303,2M KCl,,6.1,2.1,5.1,2.1,12.81,10.71
6/14/2019,Xeric,Control,4,over winter,OW,0,0.000188132,0.000143904,,303,2M KCl,,6,2.2,5,2.1,13.2,10.5
6/14/2019,Xeric,Control,5,over winter,OW,0,0.000198531,0.000252901,,303,2M KCl,,4.9,2.1,5.1,2.1,10.29,10.71
6/14/2019,Xeric,Control,6,over winter,OW,0,0.000130726,0.000243959,,303,2M KCl,,5.1,2,5,2,10.2,10
6/14/2019,Xeric,Control,7,over winter,OW,,9.96E-05,0.000132063,,303,2M KCl,,5,2.1,5.2,2,10.5,10.4
6/14/2019,Xeric,Control,8,over winter,OW,,0.000271376,0.000189953,,303,2M KCl,,5.3,2,5,2,10.6,10
6/14/2019,Xeric,Ancillary,1,over winter,OW,0,0.00022414,0,,303,2M KCl,,,,5,2,0,10
6/14/2019,Xeric,Ancillary,2,over winter,OW,0,0.000388705,0.000221612,,303,2M KCl,,6,2.1,5,2,12.6,10
6/14/2019,Xeric,Ancillary,3,over winter,OW,0,0.000283394,0.000170958,,303,2M KCl,,6,2,5.1,2,12,10.2
6/14/2019,Xeric,Ancillary,4,over winter,OW,0,0.0001094,0.000139181,,303,2M KCl,,5.1,1.9,5.2,2,9.69,10.4
6/14/2019,Xeric,Ancillary,5,over winter,OW,0,0.000301011,0.000629558,,303,2M KCl,,5,2.1,5,2.5,10.5,12.5
6/14/2019,Xeric,Ancillary,6,over winter,OW,0,0.000154479,0,,303,2M KCl,,,,10.4,1.9,0,19.76
6/14/2019,Xeric,Ancillary,7,over winter,OW,,0.000247211,0.000151962,,303,2M KCl,,5,2,5.3,1.9,10,10.07
6/14/2019,Xeric,Ancillary,8,over winter,OW,,0.000163789,0.000193537,,303,2M KCl,,5.3,2,5,2.1,10.6,10.5
6/14/2019,Xeric,fertilized,1,over winter,OW,,6.64E-05,0.005864507,,303,2M KCl,,4.9,2.5,5.3,2,12.25,10.6
6/14/2019,Xeric,fertilized,2,over winter,OW,,7.85E-05,0.007759579,,303,2M KCl,,5,2.4,5.1,2,12,10.2
6/14/2019,Xeric,fertilized,3,over winter,OW,,9.43E-05,0.0123385,,303,2M KCl,,5,1.8,5.1,1.9,9,9.69
6/14/2019,Xeric,fertilized,4,over winter,OW,,8.33E-05,0.005870882,,303,2M KCl,,4.9,2.7,5.1,2,13.23,10.2
6/14/2019,Xeric,fertilized,5,over winter,OW,,7.51E-05,0.008352292,,303,2M KCl,,4.9,2.2,5.1,2,10.78,10.2
6/15/2019,Mesic,Snowfence,1,over winter,OW,0,0.000668339,0.001412105,,303,2M KCl,,5.1,2,5.1,2,10.2,10.2
6/15/2019,Mesic,Snowfence,2,over winter,OW,0,0.000426926,0.002828742,,303,2M KCl,,4.9,2.2,6,1.5,10.78,9
6/15/2019,Mesic,Snowfence,3,over winter,OW,0,0.000259634,0.00075076,,303,2M KCl,,5,2,5.2,2,10,10.4
6/15/2019,Mesic,Snowfence,4,over winter,OW,0,,,,303,2M KCl,,,,,,0,0
6/15/2019,Mesic,Snowfence,5,over winter,OW,0,0.000301488,0.001774284,,303,2M KCl,,5,2.1,5.8,2.2,10.5,12.76
6/15/2019,Mesic,Snowfence,6,over winter,OW,0,0.000360257,0.002566933,,303,2M KCl,,5.6,2.2,5,2,12.32,10
6/15/2019,Mesic,Snowfence,7,over winter,OW,0,0.000420383,0.000119423,,303,2M KCl,,5.2,2,5,2,10.4,10
6/15/2019,Mesic,Snowfence,8,over winter,OW,0,0.000266615,0.001333069,,303,2M KCl,,5.9,2.1,5.6,2.1,12.39,11.76
6/15/2019,Mesic,Control,1,over winter,OW,0,,0.003472107,,303,2M KCl,,10.2,2,,,20.4,0
6/15/2019,Mesic,Control,2,over winter,OW,0,0.000474928,0.001329281,,303,2M KCl,,5.8,2.2,5,1.8,12.76,9
6/15/2019,Mesic,Control,3,over winter,OW,0,0.000194471,0.002635443,,303,2M KCl,,5.3,2,5.6,2,10.6,11.2
6/15/2019,Mesic,Control,4,over winter,OW,0,0.000215897,0.006908706,,303,2M KCl,,5.2,2,6.1,2,10.4,12.2
6/15/2019,Mesic,Control,5,over winter,OW,0,0.000283074,0.00728919,,303,2M KCl,,5.9,2,5.2,2.1,11.8,10.92
6/15/2019,Mesic,Control,6,over winter,OW,0,0.000188542,0.001424238,,303,2M KCl,,5.9,2.3,5,1.9,13.57,9.5
6/15/2019,Mesic,Control,7,over winter,OW,0,,0,,303,2M KCl,,12.1,2.3,,,27.83,0
6/15/2019,Mesic,Control,8,over winter,OW,0,0.00036406,0.000348582,,303,2M KCl,,5.1,1.9,5.2,2,9.69,10.4
6/15/2019,Mesic,Ancillary,1,over winter,OW,0,0.000412798,0.001964003,,303,2M KCl,,4.9,2,5.1,2,9.8,10.2
6/15/2019,Mesic,Ancillary,2,over winter,OW,0,0.000323983,0.00170494,,303,2M KCl,,5,2,5.7,1.7,10,9.69
6/15/2019,Mesic,Ancillary,3,over winter,OW,0,0.000234296,0.000644133,,303,2M KCl,,5,1.9,5.2,1.9,9.5,9.88
6/15/2019,Mesic,Ancillary,4,over winter,OW,0,0.000226921,0.008929506,,303,2M KCl,,6.2,2.3,5.1,2,14.26,10.2
6/15/2019,Mesic,Ancillary,5,over winter,OW,0,0.000226092,0.000325776,,303,2M KCl,,5.2,2,5.1,2.1,10.4,10.71
6/15/2019,Mesic,Ancillary,6,over winter,OW,0,0.000289683,0.003870051,,303,2M KCl,,5.1,2,5.8,2,10.2,11.6
6/15/2019,Mesic,Ancillary,7,over winter,OW,0,0.000263857,0.001978708,,303,2M KCl,,6,2.1,5.4,1.6,12.6,8.64
6/15/2019,Mesic,Ancillary,8,over winter,OW,0,0.000433054,0.002949563,,303,2M KCl,,6.4,2.2,5.2,2,14.08,10.4
6/15/2019,Mesic,fertilized,1,over winter,OW,0,0.000313543,0.008679357,,303,2M KCl,,5.2,1.8,5.7,1.9,9.36,10.83
6/15/2019,Mesic,fertilized,2,over winter,OW,0,0.000198479,0.010516249,,303,2M KCl,,5.2,1.9,5,2.1,9.88,10.5
6/15/2019,Mesic,fertilized,3,over winter,OW,,,,,303,2M KCl,,,,,,,
6/15/2019,Mesic,fertilized,4,over winter,OW,,,,,303,2M KCl,,,,,,,
6/15/2019,Mesic,fertilized,5,over winter,OW,0,0.000297978,0.000194834,,303,2M KCl,,5.2,2.1,6,1.9,10.92,11.4
8/7/2019,Xeric,Snowfence,1,Growing season,GS,0.00000446,0.000471943,0,,55,2M KCl,,,,,,,
8/7/2019,Xeric,Snowfence,2,Growing season,GS,0.00012346,0.000415537,0,,55,2M KCl,,,,,,,
8/7/2019,Xeric,Snowfence,3,Growing season,GS,0.00000595,0.000448139,0,,55,2M KCl,,,,,,,
8/7/2019,Xeric,Snowfence,4,Growing season,GS,0.00002578,0.000490572,0,,55,2M KCl,,,,,,,
8/7/2019,Xeric,Snowfence,5,Growing season,GS,0,0.000395873,0,,55,2M KCl,,,,,,,
8/7/2019,Xeric,Snowfence,6,Growing season,GS,0.00005404,0.00039639,0,,55,2M KCl,,,,,,,
8/7/2019,Xeric,Snowfence,7,Growing season,GS,0.00005603,0.000380349,0,,55,2M KCl,,,,,,,
8/7/2019,Xeric,Snowfence,8,Growing season,GS,0.00083941,0.000508166,0,,55,2M KCl,,,,,,,
8/7/2019,Xeric,Control,1,Growing season,GS,0.00000595,0.000522656,0,,55,2M KCl,,,,,,,
8/7/2019,Xeric,Control,2,Growing season,GS,0.00000744,0.00046832,0,,55,2M KCl,,,,,,,
8/7/2019,Xeric,Control,3,Growing season,GS,0.00000446,0.000461076,0,,55,2M KCl,,,,,,,
8/7/2019,Xeric,Control,4,Growing season,GS,0.00001636,0.000457971,0,,55,2M KCl,,,,,,,
8/7/2019,Xeric,Control,5,Growing season,GS,0,0.000200265,0,,55,2M KCl,,,,,,,
8/7/2019,Xeric,Control,6,Growing season,GS,0,0.000339468,0,,55,2M KCl,,,,,,,
8/7/2019,Xeric,Control,7,Growing season,GS,0,0.000510754,0,,55,2M KCl,,,,,,,
8/7/2019,Xeric,Control,8,Growing season,GS,0,0.000441411,0,,55,2M KCl,,,,,,,
8/7/2019,Xeric,Ancillary,1,Growing season,GS,0.00000446,0.000302209,0,,55,2M KCl,,,,,,,
8/7/2019,Xeric,Ancillary,2,Growing season,GS,0.00016858,0.000197678,0,,55,2M KCl,,,,,,,
8/7/2019,Xeric,Ancillary,3,Growing season,GS,0.0000352,0.000509719,0,,55,2M KCl,,,,,,,
8/7/2019,Xeric,Ancillary,4,Growing season,GS,0.00000149,0.000381384,0,,55,2M KCl,,,,,,,
8/7/2019,Xeric,Ancillary,5,Growing season,GS,0.00001091,0.000502992,0,,55,2M KCl,,,,,,,
8/7/2019,Xeric,Ancillary,6,Growing season,GS,0.00001289,0.000339468,0,,55,2M KCl,,,,,,,
8/7/2019,Xeric,Ancillary,7,Growing season,GS,0,0.000487467,0,,55,2M KCl,,,,,,,
8/7/2019,Xeric,Ancillary,8,Growing season,GS,0,0.000263915,0,,55,2M KCl,,,,,,,
8/7/2019,Xeric,fertilized,1,Growing season,GS,0.00003619,0.000773634,0,,55,2M KCl,,,,,,,
8/7/2019,Xeric,fertilized,2,Growing season,GS,0,0.00041088,0,,55,2M KCl,,,,,,,
8/7/2019,Xeric,fertilized,3,Growing season,GS,0,0.000409845,0,,55,2M KCl,,,,,,,
8/7/2019,Xeric,fertilized,4,Growing season,GS,0,0.000516964,0,,55,2M KCl,,,,,,,
8/7/2019,Xeric,fertilized,5,Growing season,GS,0.0000124,0.000602865,0,,55,2M KCl,,,,,,,
8/8/2019,Hydric,Snowfence,1,Growing season,GS,0,0.000356544,0,,55,2M KCl,,,,,,,
8/8/2019,Hydric,Snowfence,2,Growing season,GS,0.00000297,0.000333775,0,,55,2M KCl,,,,,,,
8/8/2019,Hydric,Snowfence,3,Growing season,GS,0.00002182,0.000390698,0,,55,2M KCl,,,,,,,
8/8/2019,Hydric,Snowfence,4,Growing season,GS,0,0.000350852,0,,55,2M KCl,,,,,,,
8/8/2019,Hydric,Snowfence,5,Growing season,GS,0,0.000248391,0,,55,2M KCl,,,,,,,
8/8/2019,Hydric,Snowfence,6,Growing season,GS,0.00002826,0.000301691,0,,55,2M KCl,,,,,,,
8/8/2019,Hydric,Snowfence,7,Growing season,GS,0,0.000189398,0,,55,2M KCl,,,,,,,
8/8/2019,Hydric,Snowfence,8,Growing season,GS,0.00000645,0.000278922,0,,55,2M KCl,,,,,,,
8/8/2019,Hydric,Control,1,Growing season,GS,0.0003788,0.000245286,0,,55,2M KCl,,,,,,,
8/8/2019,Hydric,Control,2,Growing season,GS,0.00000694,0.000152657,0,,55,2M KCl,,,,,,,
8/8/2019,Hydric,Control,3,Growing season,GS,0.00003173,0.000232866,0,,55,2M KCl,,,,,,,
8/8/2019,Hydric,Control,4,Growing season,GS,0.00046408,0.000405705,0,,55,2M KCl,,,,,,,
8/8/2019,Hydric,Control,5,Growing season,GS,0,0.000350335,0,,55,2M KCl,,,,,,,
8/8/2019,Hydric,Control,6,Growing season,GS,0,0.000292894,0,,55,2M KCl,,,,,,,
8/8/2019,Hydric,Control,7,Growing season,GS,0,0.000362754,0,,55,2M KCl,,,,,,,
8/8/2019,Hydric,Control,8,Growing season,GS,0,0.000394838,0,,55,2M KCl,,,,,,,
8/8/2019,Hydric,Ancillary,1,Growing season,GS,0.00007189,0.00033274,0,,55,2M KCl,,,,,,,
8/8/2019,Hydric,Ancillary,2,Growing season,GS,0.00011404,0.00042123,0,,55,2M KCl,,,,,,,
8/8/2019,Hydric,Ancillary,3,Growing season,GS,0,0.000397943,0,,55,2M KCl,,,,,,,
8/8/2019,Hydric,Ancillary,4,Growing season,GS,0,0.000368964,0,,55,2M KCl,,,,,,,
8/8/2019,Hydric,Ancillary,5,Growing season,GS,0.00001785,0.00035344,0,,55,2M KCl,,,,,,,
8/8/2019,Hydric,Ancillary,6,Growing season,GS,0.00008032,0.000333258,0,,55,2M KCl,,,,,,,
8/8/2019,Hydric,Ancillary,7,Growing season,GS,0.00002777,0.000321356,0,,55,2M KCl,,,,,,,
8/8/2019,Hydric,Ancillary,8,Growing season,GS,0.00005107,0.000333775,0,,55,2M KCl,,,,,,,
8/8/2019,Hydric,fertilized,1,Growing season,GS,0,0.000304796,0,,55,2M KCl,,,,,,,
8/8/2019,Hydric,fertilized,2,Growing season,GS,0,0.000338433,0,,55,2M KCl,,,,,,,
8/8/2019,Hydric,fertilized,3,Growing season,GS,0,0.00021579,0,,55,2M KCl,,,,,,,
8/8/2019,Hydric,fertilized,4,Growing season,GS,0.00282911,0.000414502,0,,55,2M KCl,,,,,,,
8/8/2019,Hydric,fertilized,5,Growing season,GS,0,0.0003286,0,,55,2M KCl,,,,,,,
8/9/2019,Mesic,Snowfence,1,Growing season,GS,0,0.000515929,0,,55,2M KCl,,,,,,,
8/9/2019,Mesic,Snowfence,2,Growing season,GS,0.00001934,0.000427957,0,,55,2M KCl,,,,,,,
8/9/2019,Mesic,Snowfence,3,Growing season,GS,0,0.000637019,0,,55,2M KCl,,,,,,,
8/9/2019,Mesic,Snowfence,4,Growing season,GS,0,0.000637019,0,,55,2M KCl,,,,,,,
8/9/2019,Mesic,Snowfence,5,Growing season,GS,0,0.000433649,0,,55,2M KCl,,,,,,,
8/9/2019,Mesic,Snowfence,6,Growing season,GS,0,0.000300656,0,,55,2M KCl,,,,,,,
8/9/2019,Mesic,Snowfence,7,Growing season,GS,0.00729144,0.000318768,0,,55,2M KCl,,,,,,,
8/9/2019,Mesic,Snowfence,8,Growing season,GS,0,0.000414502,0,,55,2M KCl,,,,,,,
8/9/2019,Mesic,Control,1,Growing season,GS,0,0.000820725,0,,55,2M KCl,,,,,,,
8/9/2019,Mesic,Control,2,Growing season,GS,0,0.000342572,0,,55,2M KCl,,,,,,,
8/9/2019,Mesic,Control,3,Growing season,GS,0.00000297,0.000354475,0,,55,2M KCl,,,,,,,
8/9/2019,Mesic,Control,4,Growing season,GS,0,0.000508166,0,,55,2M KCl,,,,,,,
8/9/2019,Mesic,Control,5,Growing season,GS,0,0.000413467,0,,55,2M KCl,,,,,,,
8/9/2019,Mesic,Control,6,Growing season,GS,0.00000149,0.00034723,0,,55,2M KCl,,,,,,,
8/9/2019,Mesic,Control,7,Growing season,GS,0.01175376,0.001062906,0,,55,2M KCl,,,,,,,
8/9/2019,Mesic,Control,8,Growing season,GS,0.00004165,0.000448656,0,,55,2M KCl,,,,,,,
8/9/2019,Mesic,Ancillary,1,Growing season,GS,0,0.001129661,0,,55,2M KCl,,,,,,,
8/9/2019,Mesic,Ancillary,2,Growing season,GS,0,0.005294349,0,,55,2M KCl,,,,,,,
8/9/2019,Mesic,Ancillary,3,Growing season,GS,0,0.00033067,0,,55,2M KCl,,,,,,,
8/9/2019,Mesic,Ancillary,4,Growing season,GS,0,0.000843931,0,,55,2M KCl,,,,,,,
8/9/2019,Mesic,Ancillary,5,Growing season,GS,0,0.001212544,0,,55,2M KCl,,,,,,,
8/9/2019,Mesic,Ancillary,6,Growing season,GS,0,0.001109721,0,,55,2M KCl,,,,,,,
8/9/2019,Mesic,Ancillary,7,Growing season,GS,0.01621609,0.000968095,0,,55,2M KCl,,,,,,,
8/9/2019,Mesic,Ancillary,8,Growing season,GS,0,0.001146582,0,,55,2M KCl,,,,,,,
8/9/2019,Mesic,fertilized,1,Growing season,GS,0.00001686,0.001330889,0,,55,2M KCl,,,,,,,
8/9/2019,Mesic,fertilized,2,Growing season,GS,0.00005206,0.001515195,0,,55,2M KCl,,,,,,,
8/9/2019,Mesic,fertilized,3,Growing season,GS,0,0.00301293,0,,55,2M KCl,,,,,,,
8/9/2019,Mesic,fertilized,4,Growing season,GS,0,0.002213621,0,,55,2M KCl,,,,,,,
8/9/2019,Mesic,fertilized,5,Growing season,GS,0.0000005,0.001049578,0,,55,2M KCl,,,,,,,
9/1/2020,Hydric,Snowfence,1,OW-GS,OW-GS,0.00256635,0.016187737,0.002626462,,390,,,,,,,,
9/1/2020,Hydric,Snowfence,2,OW-GS,OW-GS,0.001473796,0.011447298,0,,390,,,,,,,,
9/1/2020,Hydric,Snowfence,3,OW-GS,OW-GS,0,0.02510907,0,,390,,,,,,,,
9/1/2020,Hydric,Snowfence,4,OW-GS,OW-GS,0.001695002,0.014089629,0.003398479,,390,,,,,,,,
9/1/2020,Hydric,Snowfence,5,OW-GS,OW-GS,0.002707596,0.029866915,0.004591771,,390,,,,,,,,
9/1/2020,Hydric,Snowfence,6,OW-GS,OW-GS,0,0.023543878,0.003541035,,390,,,,,,,,
9/1/2020,Hydric,Snowfence,7,OW-GS,OW-GS,0.002167048,0.025380568,0.001866659,,390,,,,,,,,
9/1/2020,Hydric,Snowfence,8,OW-GS,OW-GS,0,0.018527023,0.00257763,,390,,,,,,,,
9/1/2020,Hydric,Control,1,OW-GS,OW-GS,0.002621835,0.026234825,0,,390,,,,,,,,
9/1/2020,Hydric,Control,2,OW-GS,OW-GS,0.002007381,0.028855693,0.003141215,,390,,,,,,,,
9/1/2020,Hydric,Control,3,OW-GS,OW-GS,0,0.023034198,0,,390,,,,,,,,
9/1/2020,Hydric,Control,4,OW-GS,OW-GS,0.002749947,0.018460793,0.003238999,,390,,,,,,,,
9/1/2020,Hydric,Control,5,OW-GS,OW-GS,0.002121519,0.020267547,0.002820241,,390,,,,,,,,
9/1/2020,Hydric,Control,6,OW-GS,OW-GS,0.002924701,0.025111607,0,,390,,,,,,,,
9/1/2020,Hydric,Control,7,OW-GS,OW-GS,0,0.024447707,0,,390,,,,,,,,
9/1/2020,Hydric,Control,8,OW-GS,OW-GS,0.001783311,0.021359053,0.00314031,,390,,,,,,,,
9/1/2020,Xeric,Snowfence,1,OW-GS,OW-GS,0.004465013,0.01826628,0.002073734,,390,,,,,,,,
9/1/2020,Xeric,Snowfence,2,OW-GS,OW-GS,0,0.016964856,0,,390,,,,,,,,
9/1/2020,Xeric,Snowfence,3,OW-GS,OW-GS,0.006643538,0.028713063,0.003186785,,390,,,,,,,,
9/1/2020,Xeric,Snowfence,4,OW-GS,OW-GS,,,,,390,,,,,,,,
9/1/2020,Xeric,Snowfence,5,OW-GS,OW-GS,0.005910049,0.024899764,0,,390,,,,,,,,
9/1/2020,Xeric,Snowfence,6,OW-GS,OW-GS,0.006311194,0.029434731,0.002697866,,390,,,,,,,,
9/1/2020,Xeric,Snowfence,7,OW-GS,OW-GS,0.006571767,0.020429529,0.002779797,,390,,,,,,,,
9/1/2020,Xeric,Snowfence,8,OW-GS,OW-GS,0,0.023633641,0,,390,,,,,,,,
9/1/2020,Xeric,Control,1,OW-GS,OW-GS,0.00468465,0.014505449,0.003045905,,390,,,,,,,,
9/1/2020,Xeric,Control,2,OW-GS,OW-GS,0.006858932,0.023265848,0.003125511,,390,,,,,,,,
9/1/2020,Xeric,Control,3,OW-GS,OW-GS,0,0.019888093,0,,390,,,,,,,,
9/1/2020,Xeric,Control,4,OW-GS,OW-GS,0.003349713,0.022169143,0.003308035,,390,,,,,,,,
9/1/2020,Xeric,Control,5,OW-GS,OW-GS,0.004798509,0.019373406,0,,390,,,,,,,,
9/1/2020,Xeric,Control,6,OW-GS,OW-GS,0,0.025257006,0.00234085,,390,,,,,,,,
9/1/2020,Xeric,Control,7,OW-GS,OW-GS,0.004730986,0.016868668,0,,390,,,,,,,,
9/1/2020,Xeric,Control,8,OW-GS,OW-GS,0.004319192,0.015539955,0.003425784,,390,,,,,,,,
9/1/2020,Mesic,Snowfence,1,OW-GS,OW-GS,0.002469667,0.021439715,0,,390,,,,,,,,
9/1/2020,Mesic,Snowfence,2,OW-GS,OW-GS,0,0.023022361,0.015554183,,390,,,,,,,,
9/1/2020,Mesic,Snowfence,3,OW-GS,OW-GS,0.002511754,0.024943784,0.003753087,,390,,,,,,,,
9/1/2020,Mesic,Snowfence,4,OW-GS,OW-GS,0.001882528,0.022191084,0,,390,,,,,,,,
9/1/2020,Mesic,Snowfence,5,OW-GS,OW-GS,0.002507007,0.023174677,0.011725447,,390,,,,,,,,
9/1/2020,Mesic,Snowfence,6,OW-GS,OW-GS,0,0.027611157,0.00403083,,390,,,,,,,,
9/1/2020,Mesic,Snowfence,7,OW-GS,OW-GS,0.003056238,0.021689105,0,,390,,,,,,,,
9/1/2020,Mesic,Snowfence,8,OW-GS,OW-GS,0.002272146,0.017494103,0,,390,,,,,,,,
9/1/2020,Mesic,Control,1,OW-GS,OW-GS,0,0.022791205,0.007708199,,390,,,,,,,,
9/1/2020,Mesic,Control,2,OW-GS,OW-GS,0.003779157,0.030865063,0.016265397,,390,,,,,,,,
9/1/2020,Mesic,Control,3,OW-GS,OW-GS,0.002622504,0.019040178,0,,390,,,,,,,,
9/1/2020,Mesic,Control,4,OW-GS,OW-GS,0.002243032,0.021274405,0.007674336,,390,,,,,,,,
9/1/2020,Mesic,Control,5,OW-GS,OW-GS,0.001566017,0.018461167,0.034719083,,390,,,,,,,,
9/1/2020,Mesic,Control,6,OW-GS,OW-GS,0.00280418,0.01503294,0.015498451,,390,,,,,,,,
9/1/2020,Mesic,Control,7,OW-GS,OW-GS,0,0.028499372,0,,390,,,,,,,,
9/1/2020,Mesic,Control,8,OW-GS,OW-GS,0.002360556,0.022973,0.007080867,,390,,,,,,,,
6/1/2021,Hydric,Snowfence,1,OW,OW,0.002350018,0.005555313,0.001084597,,300,,,,,,,,
6/1/2021,Hydric,Snowfence,2,OW,OW,0.001404098,0.001159122,0.000386048,,300,,,,,,,,
6/1/2021,Hydric,Snowfence,3,OW,OW,0.001795591,0.021115637,0.001717199,,300,,,,,,,,
6/1/2021,Hydric,Snowfence,4,OW,OW,0.001534706,0.003474354,0.001039885,,300,,,,,,,,
6/1/2021,Hydric,Snowfence,5,OW,OW,0.002270406,0.02264265,0.003832012,,300,,,,,,,,
6/1/2021,Hydric,Snowfence,6,OW,OW,0.001437755,0.01982859,0.003374218,,300,,,,,,,,
6/1/2021,Hydric,Snowfence,7,OW,OW,0.00172014,0.019318678,0.001592425,,300,,,,,,,,
6/1/2021,Hydric,Snowfence,8,OW,OW,0.001515857,0.014840291,0.002422283,,300,,,,,,,,
6/1/2021,Hydric,Control,1,OW,OW,0.002246221,0.016849345,0.002031406,,300,,,,,,,,
6/1/2021,Hydric,Control,2,OW,OW,0.00178635,0.011020842,0.001325341,,300,,,,,,,,
6/1/2021,Hydric,Control,3,OW,OW,0.000758,0.010702569,0.000906822,,300,,,,,,,,
6/1/2021,Hydric,Control,4,OW,OW,0.002358817,0.011741133,0.002418287,,300,,,,,,,,
6/1/2021,Hydric,Control,5,OW,OW,0.001862516,0.00866816,0.001394337,,300,,,,,,,,
6/1/2021,Hydric,Control,6,OW,OW,0.002810929,0.004859691,0.000431501,,300,,,,,,,,
6/1/2021,Hydric,Control,7,OW,OW,0.002857241,0.001257113,9.17E-05,,300,,,,,,,,
6/1/2021,Hydric,Control,8,OW,OW,0.001383968,0.014196995,0.002393836,,300,,,,,,,,
6/1/2021,Hydric,Ancillary,1,OW,OW,0.001195578,0.003993161,0.000634519,,300,,,,,,,,
6/1/2021,Hydric,Ancillary,2,OW,OW,0.00176459,0.009883237,0.001555248,,300,,,,,,,,
6/1/2021,Hydric,Ancillary,3,OW,OW,0.001449248,0.018324433,0.002081545,,300,,,,,,,,
6/1/2021,Hydric,Ancillary,4,OW,OW,0.001259588,0.000378079,7.59E-05,,300,,,,,,,,
6/1/2021,Hydric,Ancillary,5,OW,OW,0.001889378,0.00515176,0.001177368,,300,,,,,,,,
6/1/2021,Hydric,Ancillary,6,OW,OW,0.000985564,0.011041829,0.001754391,,300,,,,,,,,
6/1/2021,Hydric,Ancillary,7,OW,OW,0.002331518,0.009119348,0.001062734,,300,,,,,,,,
6/1/2021,Hydric,Ancillary,8,OW,OW,0.001624557,0.004464243,0.00059803,,300,,,,,,,,
6/1/2021,Xeric,Snowfence,1,OW,OW,0.004067155,0.011795371,0.001574915,,300,,,,,,,,
6/1/2021,Xeric,Snowfence,2,OW,OW,0.002769877,0.011408977,0.002816019,,300,,,,,,,,
6/1/2021,Xeric,Snowfence,3,OW,OW,0.006262792,0.018880714,0.002316137,,300,,,,,,,,
6/1/2021,Xeric,Snowfence,4,OW,OW,0.004801591,0.013522983,0.002056833,,300,,,,,,,,
6/1/2021,Xeric,Snowfence,5,OW,OW,0.005596368,0.013271721,0.001071466,,300,,,,,,,,
6/1/2021,Xeric,Snowfence,6,OW,OW,0.00592287,0.019791485,0.001999823,,300,,,,,,,,
6/1/2021,Xeric,Snowfence,7,OW,OW,0.006148115,0.014309508,0.002248011,,300,,,,,,,,
6/1/2021,Xeric,Snowfence,8,OW,OW,0.004130488,0.005984463,0.000999836,,300,,,,,,,,
6/1/2021,Xeric,Control,1,OW,OW,0.004633835,0.001141724,0.00029545,,300,,,,,,,,
6/1/2021,Xeric,Control,2,OW,OW,0.006491795,0.014388363,0.002190409,,300,,,,,,,,
6/1/2021,Xeric,Control,3,OW,OW,0.002712959,0.01676544,0.002247198,,300,,,,,,,,
6/1/2021,Xeric,Control,4,OW,OW,0.003338074,0.000431767,7.35E-05,,300,,,,,,,,
6/1/2021,Xeric,Control,5,OW,OW,0.004451486,0.011021647,0.00208647,,300,,,,,,,,
6/1/2021,Xeric,Control,6,OW,OW,0.001212139,0.010614237,0.001103202,,300,,,,,,,,
6/1/2021,Xeric,Control,7,OW,OW,0.004305248,0.011486129,0.002155812,,300,,,,,,,,
6/1/2021,Xeric,Control,8,OW,OW,0.003970584,0.008521023,0.002279676,,300,,,,,,,,
6/1/2021,Xeric,Ancillary,1,OW,OW,0.003304699,0.010109176,0.000970691,,300,,,,,,,,
6/1/2021,Xeric,Ancillary,2,OW,OW,0.003491116,0.007752721,0.000920905,,300,,,,,,,,
6/1/2021,Xeric,Ancillary,3,OW,OW,0.005126706,0.006739199,0.001334447,,300,,,,,,,,
6/1/2021,Xeric,Ancillary,4,OW,OW,0.005179315,0.003772655,0.000610255,,300,,,,,,,,
6/1/2021,Xeric,Ancillary,5,OW,OW,0.004350164,0.007792391,0.002756657,,300,,,,,,,,
6/1/2021,Xeric,Ancillary,6,OW,OW,0.005262358,0.015700701,0.002112589,,300,,,,,,,,
6/1/2021,Xeric,Ancillary,7,OW,OW,0.004489264,0.018540124,0.002185574,,300,,,,,,,,
6/1/2021,Xeric,Ancillary,8,OW,OW,0.00610871,0.000138846,2.13E-05,,300,,,,,,,,
6/1/2021,Mesic,Snowfence,1,OW,OW,0.0020519,0.014916325,0.007847393,,300,,,,,,,,
6/1/2021,Mesic,Snowfence,2,OW,OW,0.001608045,0.019776308,0.015162352,,300,,,,,,,,
6/1/2021,Mesic,Snowfence,3,OW,OW,0.002286165,0.009563556,0.001616155,,300,,,,,,,,
6/1/2021,Mesic,Snowfence,4,OW,OW,0.001712777,0.006304404,0.004735823,,300,,,,,,,,
6/1/2021,Mesic,Snowfence,5,OW,OW,0.002460727,0.001805671,0.001035842,,300,,,,,,,,
6/1/2021,Mesic,Snowfence,6,OW,OW,0.001789573,0.007809946,0.001265491,,300,,,,,,,,
6/1/2021,Mesic,Snowfence,7,OW,OW,0.002676794,0.013728662,0.016838199,,300,,,,,,,,
6/1/2021,Mesic,Snowfence,8,OW,OW,0.002198845,0.002065117,0.003264551,,300,,,,,,,,
6/1/2021,Mesic,Control,1,OW,OW,0.001938045,0.008363836,0.00321447,,300,,,,,,,,
6/1/2021,Mesic,Control,2,OW,OW,0.003601073,0.009562525,0.005529252,,300,,,,,,,,
6/1/2021,Mesic,Control,3,OW,OW,0.002563645,0.001831971,0.001539191,,300,,,,,,,,
6/1/2021,Mesic,Control,4,OW,OW,0.001722652,0.018415889,0.007623202,,300,,,,,,,,
6/1/2021,Mesic,Control,5,OW,OW,0.00150131,0.001942475,0.00428845,,300,,,,,,,,
6/1/2021,Mesic,Control,6,OW,OW,0.00279235,0.000277702,0.000349972,,300,,,,,,,,
6/1/2021,Mesic,Control,7,OW,OW,0.001726281,0.01848385,0.00874429,,300,,,,,,,,
6/1/2021,Mesic,Control,8,OW,OW,0.002353997,0.00025338,8.87E-05,,300,,,,,,,,
6/1/2021,Mesic,Ancillary,1,OW,OW,0.001139521,0.004831621,0.007094565,,300,,,,,,,,
6/1/2021,Mesic,Ancillary,2,OW,OW,0.001539097,0.011845893,0.014010479,,300,,,,,,,,
6/1/2021,Mesic,Ancillary,3,OW,OW,0.000952146,0.014659772,0.011709699,,300,,,,,,,,
6/1/2021,Mesic,Ancillary,4,OW,OW,0.00256265,0.003110414,0.001789847,,300,,,,,,,,
6/1/2021,Mesic,Ancillary,5,OW,OW,0.001292673,0.012412922,0.007223449,,300,,,,,,,,
6/1/2021,Mesic,Ancillary,6,OW,OW,0.001752924,0.026336479,0.017116192,,300,,,,,,,,
6/1/2021,Mesic,Ancillary,7,OW,OW,0.001723752,0.006585295,0.008063301,,300,,,,,,,,
6/1/2021,Mesic,Ancillary,8,OW,OW,0.001978444,0.013296671,0.003071488,,300,,,,,,,,
